City_ID,City,Lat,Lng,Max Temp,Humidity,Cloudiness,Wind Speed,Country,Date
0,thompson,55.7435,-97.8558,12.09,43,75,3.6,CA,1686764699
1,ribeira grande,38.5167,-28.7,21.22,88,20,7.6,PT,1686764614
2,fuyang,32.9,115.8167,25.86,44,0,3.29,CN,1686765080
3,vikasnagar,30.4683,77.775,29.96,44,83,1.94,IN,1686765081
4,bethel,41.3712,-73.414,25.86,63,20,5.14,US,1686764479
5,pisco,-13.7,-76.2167,22.03,64,75,1.54,PE,1686764496
6,hawaiian paradise park,19.5933,-154.9731,22.24,95,100,3.09,US,1686764634
7,edinburgh of the seven seas,-37.0676,-12.3116,14.55,76,65,12.35,SH,1686764604
8,vadso,70.0744,29.7487,14.49,54,0,9.26,NO,1686764773
9,kerikeri,-35.2268,173.9474,6.9,90,36,0.67,NZ,1686764701
10,general acha,-37.377,-64.6043,16.59,20,85,9.01,AR,1686765083
11,roma,43.2128,-75.4557,17.07,93,100,2.57,US,1686764650
12,andujar,38.0392,-4.0508,32.05,26,30,2.78,ES,1686765084
13,port-aux-francais,-49.35,70.2167,7.05,99,100,10.5,TF,1686764604
14,tarawa,1.419,172.984,28.54,78,47,5.91,KI,1686765085
15,rabigh,22.7986,39.0349,34.42,39,3,6.8,SA,1686765085
16,talnakh,69.4865,88.3972,6.23,82,32,3.36,RU,1686764379
17,adamstown,-25.066,-130.1015,20.72,68,19,6.16,PN,1686764605
18,arar,30.9753,41.0381,35.01,12,0,3.09,SA,1686765013
19,ta`u,-14.2336,-169.5144,26.98,80,100,6.25,AS,1686764869
20,papatowai,-46.5619,169.4708,5.42,80,100,1.44,NZ,1686764658
21,tocopilla,-22.092,-70.1979,17.55,72,1,7.38,CL,1686764484
22,port elizabeth,-33.918,25.5701,15.61,62,0,12.35,ZA,1686764718
23,bredasdorp,-34.5322,20.0403,12.5,69,93,6.43,ZA,1686764634
24,klaksvik,62.2266,-6.589,15.51,84,100,3.68,FO,1686765088
25,bel ombre,-4.6167,55.4167,26.91,74,20,2.57,SC,1686764668
26,petropavlovsk-kamchatsky,53.0452,158.6483,6.33,87,0,1.0,RU,1686764736
27,bani walid,31.7566,13.9942,35.8,17,52,6.84,LY,1686765089
28,longyearbyen,78.2186,15.6401,1.91,80,75,9.77,SJ,1686764628
29,leer,53.2316,7.461,20.99,73,70,4.11,DE,1686765090
30,margaret river,-33.95,115.0667,15.7,71,98,8.49,AU,1686764348
31,puerto natales,-51.7236,-72.4875,7.25,61,20,5.66,CL,1686764306
32,torbat-e heydariyeh,35.274,59.2195,27.51,13,5,5.66,IR,1686765093
33,tromso,69.6496,18.957,11.32,76,40,8.75,NO,1686765093
34,kununurra,-15.7667,128.7333,14.99,88,85,0.0,AU,1686764702
35,waitangi,-43.9535,-176.5597,10.46,77,98,10.61,NZ,1686764601
36,pasuquin,18.3328,120.6177,26.97,94,75,0.51,PH,1686765094
37,mastung,29.7994,66.845,24.35,57,2,4.31,PK,1686765095
38,la gi,10.6667,107.7833,26.97,83,97,3.59,VN,1686765095
39,udachny,66.4167,112.4,6.92,100,100,5.18,RU,1686764752
40,berdigestyakh,62.0989,126.6992,8.22,77,37,3.82,RU,1686765095
41,yellowknife,62.456,-114.3525,14.29,67,75,4.63,CA,1686764634
42,veraval,20.9,70.3667,28.84,84,69,13.56,IN,1686764978
43,ust-nera,64.5667,143.2,10.22,83,33,1.48,RU,1686764697
44,badger,64.8,-147.5333,11.67,70,75,4.63,US,1686764667
45,sayre,41.979,-76.5155,17.58,88,99,1.6,US,1686765013
46,sandnessjoen,66.0217,12.6316,15.29,71,20,4.12,NO,1686765097
47,bilibino,68.0546,166.4372,0.81,69,82,1.06,RU,1686764627
48,angaur state,6.906,134.13,27.96,77,100,2.55,PW,1686765098
49,tiksi,71.6872,128.8694,0.27,82,100,3.03,RU,1686764662
50,cao bang,22.6667,106.25,25.01,92,99,0.63,VN,1686765099
51,namibe,-15.1961,12.1522,18.21,84,22,3.11,AO,1686764633
52,albany,42.6001,-73.9662,21.23,72,100,2.32,US,1686764620
53,ed damer,17.5928,33.9592,39.88,16,69,0.49,SD,1686765114
54,amahai,-3.3333,128.9167,27.22,89,100,0.84,ID,1686765114
55,grytviken,-54.2811,-36.5092,-3.75,91,46,2.55,GS,1686764601
56,ushuaia,-54.8,-68.3,5.81,65,40,2.57,AR,1686764386
57,savelugu,9.6244,-0.8253,29.93,58,94,2.49,GH,1686765115
58,nar'yan-mar,67.6713,53.087,4.86,73,93,6.13,RU,1686764614
59,mount isa,-20.7333,139.5,12.87,38,37,2.06,AU,1686764730
60,utrik,11.2278,169.8474,27.52,81,90,9.82,MH,1686764371
61,iqaluit,63.7506,-68.5145,3.85,75,75,7.72,CA,1686764382
62,blackmans bay,-43.0167,147.3167,5.29,88,39,1.72,AU,1686764663
63,rosalie,15.3667,-61.2667,32.75,52,40,5.66,DM,1686765116
64,mata-utu,-13.2816,-176.1745,27.46,82,53,9.38,WF,1686764853
65,crane,31.3974,-102.3501,35.34,8,79,5.57,US,1686764614
66,calvinia,-31.4707,19.776,9.33,97,100,5.62,ZA,1686765116
67,alaghsas,17.0187,8.0168,38.94,24,20,3.09,NE,1686764741
68,san juan,-31.5375,-68.5364,16.41,18,16,1.54,AR,1686764979
69,tura,25.5198,90.2201,25.52,85,70,3.73,IN,1686764615
70,ancud,-41.8697,-73.8203,8.92,98,100,1.27,CL,1686764666
71,badiyah,22.45,58.8,33.09,36,100,1.76,OM,1686765117
72,santa terezinha,-29.9002,-50.0904,15.39,84,100,6.12,BR,1686764802
73,kapa'a,22.0752,-159.319,26.22,91,100,7.2,US,1686764745
74,puerto ayora,-0.7393,-90.3518,29.98,88,97,6.26,EC,1686764614
75,lebu,-37.6167,-73.65,13.46,64,85,3.74,CL,1686764659
76,lhokseumawe,5.1801,97.1507,27.04,82,84,0.57,ID,1686765118
77,arafat,21.3594,39.9664,36.89,26,21,1.4,SA,1686765118
78,new norfolk,-42.7826,147.0587,5.95,81,46,0.94,AU,1686765118
79,tazovsky,67.4667,78.7,5.64,99,100,5.18,RU,1686764712
80,colares,38.7992,-9.4469,27.82,67,20,10.29,PT,1686765119
81,bor,56.3567,44.0669,16.96,60,3,2.03,RU,1686765070
82,awjilah,29.1081,21.2869,32.82,24,0,1.93,LY,1686765119
83,smara,26.7384,-11.6719,29.62,31,0,8.53,EH,1686765119
84,gaspe,48.8334,-64.4819,17.12,72,75,5.66,CA,1686765120
85,gordonvale,-17.0936,145.7842,19.95,100,68,1.68,AU,1686765122
86,hun,29.1268,15.9477,39.01,9,10,6.32,LY,1686765122
87,port saint john's,-31.6229,29.5448,17.92,70,76,5.06,ZA,1686765122
88,nosy varika,-20.5833,48.5333,20.95,89,3,1.87,MG,1686765122
89,vorgashor,67.5833,63.95,1.47,97,100,6.55,RU,1686764626
90,san luis de la loma,17.2706,-100.8939,33.62,50,80,4.72,MX,1686765123
91,cockburn town,21.4612,-71.1419,28.32,82,65,7.43,TC,1686764731
92,obo,5.3998,26.4869,24.19,74,98,0.07,CF,1686765123
93,lihue,21.9789,-159.3672,25.81,89,100,7.2,US,1686764728
94,stupino,54.9008,38.0708,16.33,72,70,4.05,RU,1686765123
95,notodden,59.5594,9.2585,27.92,26,0,4.12,NO,1686765124
96,mao,39.8885,4.2658,23.31,73,20,6.69,ES,1686765124
97,cavelossim,15.1726,73.9419,28.99,83,78,3.02,IN,1686765128
98,sabang,5.8933,95.3214,28.67,77,41,8.27,ID,1686765128
99,sona,45.4388,10.8255,25.75,50,40,3.09,IT,1686765129
100,port shepstone,-30.7414,30.455,19.83,70,8,7.29,ZA,1686765129
101,invercargill,-46.4,168.35,2.63,93,95,1.32,NZ,1686764603
102,estevan,49.1334,-102.9842,27.19,57,0,6.17,CA,1686764837
103,tomatlan,19.9333,-105.25,34.91,40,46,3.64,MX,1686765130
104,avarua,-21.2078,-159.775,24.03,83,75,4.12,CK,1686764604
105,susuman,62.7833,148.1667,6.87,92,4,1.96,RU,1686764746
106,qarazhal,48.0078,70.7903,19.05,29,63,8.42,KZ,1686765131
107,carloforte,39.145,8.3058,20.61,82,84,7.43,IT,1686765131
108,touros,-5.1989,-35.4608,28.68,67,29,4.92,BR,1686764429
109,nova vicosa,-17.8919,-39.3719,25.82,68,22,3.73,BR,1686764982
110,constantia,44.1833,28.65,20.39,84,44,2.44,RO,1686764570
111,olonkinbyen,70.9221,-8.7187,2.59,97,100,7.24,SJ,1686764630
112,san rafael del sur,11.8485,-86.4384,30.54,59,99,5.81,NI,1686765140
113,west island,-12.1568,96.8225,26.99,83,40,10.16,CC,1686764660
114,ubari,26.5921,12.7805,34.64,19,79,5.66,LY,1686765140
115,dudinka,69.4058,86.1778,6.46,75,41,5.35,RU,1686764626
116,naze,28.3667,129.4833,21.51,90,100,2.03,JP,1686765141
117,klyuchi,52.2667,79.1667,13.53,46,3,1.46,RU,1686764726
118,freetown,8.484,-13.2299,27.2,78,100,3.9,SL,1686764872
119,mondragon,12.5157,124.7523,24.91,92,93,1.74,PH,1686765142
120,hengchun,22.0042,120.7439,25.74,93,100,1.07,TW,1686765143
121,georgetown,5.4112,100.3354,29.96,81,20,1.54,MY,1686764416
122,st. john's,47.5649,-52.7093,15.15,79,75,3.6,CA,1686764405
123,jamestown,42.097,-79.2353,16.42,82,100,7.2,US,1686764352
124,nemuro,43.3236,145.575,11.69,100,100,1.5,JP,1686764698
125,montagu,-40.7667,144.9667,13.08,88,100,7.12,AU,1686765147
126,afaahiti,-17.75,-149.2833,25.93,74,12,7.76,PF,1686764792
127,la passe,45.5549,-0.8967,27.13,80,54,5.55,FR,1686764629
128,voznesenskoye,54.89,42.7569,14.27,70,98,2.8,RU,1686765149
129,manicore,-5.8092,-61.3003,21.97,83,100,4.12,BR,1686765149
130,ust'-ilimsk,58.0006,102.6619,7.22,90,100,2.64,RU,1686764650
131,isafjordur,66.0755,-23.124,10.02,81,75,3.6,IS,1686764628
132,luganville,-15.5333,167.1667,24.95,89,92,3.46,VU,1686764717
133,maloye ganyushkino,46.6,49.2667,28.18,35,100,2.79,KZ,1686765150
134,pangody,65.85,74.4859,4.6,87,99,8.82,RU,1686764604
135,zalingei,12.9096,23.4741,28.03,52,99,1.11,SD,1686765150
136,codrington,-38.2667,141.9667,11.89,90,100,6.81,AU,1686764776
137,stanley,54.868,-1.6985,19.77,47,0,4.12,GB,1686764603
138,marksville,31.128,-92.0662,33.36,37,7,4.76,US,1686764824
139,margate,51.3813,1.3862,19.37,73,3,3.58,GB,1686764531
140,mount gambier,-37.8333,140.7667,11.76,95,100,4.59,AU,1686764630
141,anadyr,64.75,177.4833,2.28,69,0,3.0,RU,1686764399
142,griffith,41.5284,-87.4237,22.93,75,100,2.57,US,1686765151
143,poltavka,54.3663,71.7632,15.42,52,10,2.48,RU,1686765151
144,tir pul,34.5943,61.269,30.79,13,0,7.97,AF,1686765152
145,coquimbo,-29.9533,-71.3436,13.85,67,0,4.12,CL,1686764634
146,nizhnesortymskiy,62.4397,71.7603,9.59,59,90,5.69,RU,1686765152
147,callao,-12.0667,-77.15,23.16,64,100,3.09,PE,1686764752
148,harper,4.375,-7.7169,26.26,66,52,3.2,LR,1686765152
149,fort mcmurray,56.7268,-111.381,12.77,100,100,6.17,CA,1686765153
150,hamilton,39.1834,-84.5333,24.77,66,75,4.12,US,1686764430
151,gadzhiyevo,69.2551,33.3362,10.2,69,11,7.7,RU,1686764669
152,fortuna,40.5982,-124.1573,14.25,94,75,3.09,US,1686764750
153,dasuya,31.8183,75.6597,29.02,54,91,4.39,IN,1686765153
154,as safirah,36.077,37.3725,23.3,52,2,7.61,SY,1686765160
155,rustaq,23.3908,57.4244,35.96,18,99,1.23,OM,1686765161
156,dakhla,23.6848,-15.958,23.01,68,39,10.8,EH,1686765161
157,herceg novi,42.4531,18.5375,21.71,88,75,0.51,ME,1686765161
158,okeechobee,27.2439,-80.8298,34.99,74,20,4.12,US,1686764944
159,iskateley,67.6803,53.1512,5.01,71,95,6.87,RU,1686764669
160,jerantut,3.936,102.3626,24.26,92,85,0.57,MY,1686765161
161,camocim,-2.9022,-40.8411,30.71,56,3,5.94,BR,1686765162
162,polyarnyy,69.1989,33.4478,10.41,69,13,7.15,RU,1686764711
163,fairbanks,64.8378,-147.7164,11.72,72,75,4.63,US,1686765162
164,whitehorse,60.7161,-135.0538,12.83,46,75,3.09,CA,1686765162
165,sao miguel do araguaia,-13.275,-50.1628,33.31,30,16,2.37,BR,1686764997
166,hermanus,-34.4187,19.2345,12.67,76,94,8.49,ZA,1686764666
167,sola,-13.8833,167.55,26.01,80,91,5.07,VU,1686764800
168,pacific grove,36.6177,-121.9166,16.82,86,100,4.12,US,1686764880
169,san fernando de apure,7.8878,-67.4724,29.44,79,100,3.38,VE,1686765164
170,port lincoln,-34.7333,135.8667,14.64,76,99,8.01,AU,1686764736
171,port moresby,-9.4431,147.1797,25.68,83,40,5.14,PG,1686765124
172,kelme,55.6339,22.9342,21.01,87,100,1.29,LT,1686765164
173,polessk,54.862,21.1028,16.03,89,100,2.84,RU,1686765165
174,nanakuli,21.3906,-158.1547,25.97,75,20,3.09,US,1686765170
175,mili,6.0815,171.735,28.49,78,75,8.19,MH,1686765170
176,karbala,32.616,44.0249,35.16,19,0,2.56,IQ,1686765170
177,kodinsk,58.6881,99.1844,4.48,81,55,2.22,RU,1686764712
178,camayenne,9.535,-13.6878,27.79,77,84,3.81,GN,1686765170
179,ola,59.5833,151.2833,6.18,81,45,1.61,RU,1686765170
180,sao gabriel da cachoeira,-0.1303,-67.0892,29.89,84,40,3.6,BR,1686765171
181,holualoa,19.6228,-155.9522,24.17,81,75,1.54,US,1686764778
182,rumoi,43.9344,141.6428,15.25,97,66,1.18,JP,1686765171
183,muravlenko,63.7898,74.523,7.1,66,91,9.56,RU,1686765171
184,konarka,19.9,86.1167,30.22,76,68,7.58,IN,1686765171
185,arraial do cabo,-22.9661,-42.0278,26.98,78,40,6.17,BR,1686764809
186,enewetak,11.3474,162.3373,27.75,82,100,9.45,MH,1686764704
187,launceston,-41.45,147.1667,8.42,90,75,3.6,AU,1686765172
188,waingapu,-9.6567,120.2641,22.34,87,75,2.73,ID,1686765172
189,longboat key,27.4125,-82.659,34.02,60,40,5.66,US,1686765173
190,dehui,44.5333,125.7,20.54,54,92,2.35,CN,1686765173
191,bairnsdale,-37.8333,147.6167,5.59,88,42,3.49,AU,1686765173
192,alamosa,37.4695,-105.87,17.99,34,0,2.57,US,1686765173
193,tongchuanshi,35.0806,109.0897,21.97,38,100,1.37,CN,1686765173
194,rio grande,-32.035,-52.0986,17.06,60,36,3.72,BR,1686764834
195,cidreira,-30.1811,-50.2056,14.44,95,100,4.37,BR,1686764800
196,qaqortoq,60.7167,-46.0333,4.87,90,99,1.35,GL,1686764632
197,ixtapa,20.7,-105.2,30.57,58,0,4.12,MX,1686764708
198,zhalantun,48.0,122.7167,12.6,80,36,2.27,CN,1686765175
199,yaroslavl,57.6299,39.8737,18.89,55,0,1.0,RU,1686765175
200,nizhneangarsk,55.7833,109.55,5.86,79,51,0.7,RU,1686765177
201,christchurch,-43.5333,172.6333,9.95,84,100,2.24,NZ,1686765134
202,chios,38.3678,26.1358,25.92,57,0,3.09,GR,1686765177
203,souillac,-20.5167,57.5167,24.21,94,75,3.6,MU,1686765177
204,tamanrasset,22.785,5.5228,35.95,11,40,4.63,DZ,1686765177
205,horta,38.5333,-28.6333,20.8,90,20,7.6,PT,1686765177
206,valle hermoso,25.6667,-97.8333,33.27,40,58,10.36,MX,1686765177
207,coari,-4.085,-63.1414,25.75,72,100,2.32,BR,1686765177
208,kuala belait,4.5833,114.1833,25.09,93,99,2.33,BN,1686765177
209,sao tome,0.3365,6.7273,25.78,83,60,4.42,ST,1686764629
210,aweil,8.7682,27.4002,27.73,65,98,1.87,SS,1686764871
211,fort bragg,35.139,-79.006,30.46,49,20,8.75,US,1686765178
212,tosontsengel,48.7567,98.2839,8.99,63,100,3.08,MN,1686765178
213,mayakonda,14.2833,76.0833,24.66,77,35,6.29,IN,1686765178
214,fujin,47.26,132.0322,13.7,90,87,2.16,CN,1686765178
215,college,64.8569,-147.8028,11.72,72,75,4.63,US,1686764621
216,naumburg,51.15,11.8167,20.98,69,86,1.78,DE,1686765179
217,cabo san lucas,22.8909,-109.9124,33.12,54,0,1.54,MX,1686764570
218,arsin,40.9496,39.9276,20.74,94,75,3.6,TR,1686765179
219,khovd,48.0056,91.6419,11.91,27,56,6.43,MN,1686765179
220,lompoc,34.6391,-120.4579,19.36,88,100,0.0,US,1686764624
221,igarka,67.4667,86.5833,7.67,77,97,5.54,RU,1686765180
222,santa cruz do rio pardo,-22.8989,-49.6325,15.84,98,100,1.82,BR,1686765180
223,chukhloma,58.7525,42.6825,15.12,67,20,1.88,RU,1686765180
224,ilulissat,69.2167,-51.1,3.01,81,20,2.57,GL,1686764699
225,kuusamo,65.9667,29.1833,21.02,24,0,4.63,FI,1686764629
226,troia,41.3631,15.3124,20.9,84,100,1.09,IT,1686765181
227,saint-philippe,-21.3585,55.7679,23.77,82,38,3.64,RE,1686765181
228,port douglas,-16.4833,145.4667,21.86,85,84,2.57,AU,1686764633
229,lusambo,-4.9667,23.45,21.84,93,92,1.75,CD,1686765182
230,la'ie,21.6477,-157.9253,25.98,83,31,4.02,US,1686765182
231,conkal,21.0667,-89.5333,36.03,44,75,3.09,MX,1686765182
232,chui,-33.6971,-53.4616,13.05,53,0,2.16,UY,1686764903
233,acapulco de juarez,16.8634,-99.8901,33.29,54,90,4.39,MX,1686765184
234,sao jose da coroa grande,-8.8978,-35.1478,26.03,85,43,5.44,BR,1686765184
235,port augusta,-32.5,137.7667,10.08,69,40,3.6,AU,1686765184
236,luderitz,-26.6481,15.1594,14.14,80,15,3.32,NA,1686764420
237,uliastay,47.7417,96.8444,15.15,45,100,3.75,MN,1686765184
238,muynoq,43.7683,59.0214,25.03,51,0,9.81,UZ,1686765200
239,san jose del cabo,23.0589,-109.6977,33.66,47,0,5.14,MX,1686765200
240,cuenca,-2.8833,-78.9833,20.07,52,75,4.63,EC,1686764934
241,saint joseph,39.7686,-94.8466,28.78,39,0,2.06,US,1686765201
242,puttaparthi,14.1652,77.8117,29.76,53,79,7.54,IN,1686765201
243,kodiak,57.79,-152.4072,7.73,81,100,5.14,US,1686764705
244,fale old settlement,-9.3852,-171.2468,28.55,68,54,5.21,TK,1686764737
245,marine corps base hawaii - mcbh,21.4453,-157.7513,25.98,87,49,1.79,US,1686765202
246,tsiombe,-25.3,45.4833,19.55,92,4,1.3,MG,1686764775
247,gamba,-2.65,10.0,23.26,89,96,3.48,GA,1686765202
248,nehe,48.4833,124.8333,13.94,69,99,2.26,CN,1686765202
249,atafu village,-8.5421,-172.5159,28.35,74,100,5.5,TK,1686764738
250,mantua,45.1667,10.7833,26.58,67,51,2.83,IT,1686764777
251,priyutnoye,46.1011,43.5072,23.71,70,24,3.18,RU,1686765202
252,esmeraldas,-19.7625,-44.3139,26.48,35,10,1.99,BR,1686765203
253,cape canaveral,28.4058,-80.6048,35.05,62,20,6.17,US,1686765203
254,papao,-17.75,-149.55,26.82,74,13,8.12,PF,1686764663
255,chiredzi,-21.05,31.6667,17.88,24,0,2.45,ZW,1686765204
256,sisimiut,66.9395,-53.6735,1.7,73,61,3.74,GL,1686764702
257,al burayqah,30.4062,19.5739,29.21,44,0,5.71,LY,1686765204
258,brandon,27.9378,-82.2859,35.18,64,0,7.2,US,1686765204
259,lorengau,-2.0226,147.2712,25.83,85,99,2.78,PG,1686765204
260,wetumpka,32.5437,-86.2119,29.79,89,86,4.77,US,1686765204
261,ouesso,1.6136,16.0517,23.03,95,60,0.37,CG,1686764840
262,nova sintra,14.8667,-24.7167,21.06,79,10,7.66,CV,1686764726
263,port isabel,26.0734,-97.2086,34.46,63,0,9.77,US,1686765212
264,valadares,41.1474,-7.9812,22.64,63,26,2.86,PT,1686765213
265,chernyshevskiy,63.0128,112.4714,6.66,74,64,2.32,RU,1686765213
266,ponta delgada,37.7333,-25.6667,21.4,88,40,4.12,PT,1686764948
267,san luis,-33.295,-66.3356,16.44,14,6,2.33,AR,1686765214
268,tarancon,40.0085,-3.0073,23.43,43,99,0.77,ES,1686765214
269,mount pleasant,32.7941,-79.8626,26.0,76,0,10.29,US,1686765063
270,vuktyl,63.8567,57.3094,7.4,58,76,6.03,RU,1686765214
271,glace bay,46.1969,-59.957,16.29,75,100,7.72,CA,1686765215
272,san antonio de pale,-1.4014,5.6325,24.95,86,54,6.0,GQ,1686764701
273,tucuma,-0.1833,-50.05,29.51,68,13,3.6,BR,1686765215
274,hammerfest,70.6634,23.6821,8.25,81,75,12.86,NO,1686764624
275,iwon-up,40.3231,128.6553,16.3,90,6,1.85,KP,1686765216
276,egilsstadir,65.2653,-14.3948,19.95,45,40,5.14,IS,1686765216
277,papayal,-4.0761,-80.7361,30.52,47,40,2.69,PE,1686765216
278,dassun,17.7204,121.6816,25.77,92,100,0.56,PH,1686765217
279,amga,60.8953,131.9608,3.95,98,100,1.73,RU,1686765217
280,banda aceh,5.5577,95.3222,26.94,80,55,5.28,ID,1686765217
281,gorom-gorom,14.4439,-0.2361,37.54,27,3,3.79,BF,1686765217
282,maragogi,-9.0122,-35.2225,25.93,85,46,5.08,BR,1686765217
283,chonchi,-42.6128,-73.8092,10.62,99,100,1.23,CL,1686764688
284,port alfred,-33.5906,26.891,12.88,79,100,1.79,ZA,1686765217
285,karditsa,39.3656,21.9217,25.77,65,43,0.89,GR,1686765217
286,saldanha,-33.0117,17.9442,14.03,87,100,4.41,ZA,1686765218
287,kerman,30.2832,57.0788,28.92,17,20,2.06,IR,1686765218
288,kerema,-7.9631,145.7785,25.2,91,100,0.1,PG,1686765218
289,mendoza,-32.8908,-68.8272,11.74,32,0,2.06,AR,1686765035
290,cururupu,-1.8283,-44.8683,29.87,60,13,3.54,BR,1686765218
291,justo daract,-33.8594,-65.1828,17.61,13,5,1.96,AR,1686765218
292,mandalgovi,45.7625,106.2708,18.78,39,0,2.64,MN,1686764857
293,russkaya polyana,49.417,31.9201,18.92,74,100,3.82,UA,1686765219
294,susaki,33.3667,133.2833,21.04,90,100,1.15,JP,1686765219
295,pahrump,36.2083,-115.9839,30.7,28,7,2.68,US,1686765219
296,al wajh,26.2455,36.4525,30.97,62,0,5.14,SA,1686765220
297,rocha,-34.4833,-54.3333,14.2,35,3,1.41,UY,1686765026
298,juegang,32.3174,121.1855,20.53,80,0,1.36,CN,1686765220
299,thunder bay,48.4001,-89.3168,12.99,67,100,4.63,CA,1686764947
300,puerto madero,14.7208,-92.4215,30.9,70,44,4.01,MX,1686765221
301,negombo,7.2083,79.8358,28.03,83,40,3.09,LK,1686764989
302,aykhal,66.0,111.5,8.1,83,100,9.54,RU,1686764709
303,kikwit,-5.041,18.8162,23.87,82,78,1.89,CD,1686765221
304,carbonear,47.7332,-53.2148,15.97,82,56,3.02,CA,1686765222
305,san patricio,28.017,-97.5169,33.05,47,90,8.09,US,1686765222
306,port mathurin,-19.6833,63.4167,25.01,79,8,8.88,MU,1686764624
307,morinville,53.8001,-113.652,12.89,94,100,9.26,CA,1686765222
308,dunedin,-45.8742,170.5036,7.11,74,85,1.34,NZ,1686764471
309,vila velha,-20.3297,-40.2925,26.97,74,20,4.63,BR,1686764708
310,kavaratti,10.5669,72.642,29.37,76,100,7.47,IN,1686764813
311,torit,4.4133,32.5678,22.18,86,70,1.89,SS,1686765223
312,trancas,-26.2314,-65.2803,17.67,26,0,0.37,AR,1686765224
313,lamu,-2.2717,40.902,25.48,80,98,5.81,KE,1686765224
314,zhongshan,21.3226,110.5829,26.67,88,94,2.82,CN,1686765224
315,las tablas,7.7667,-80.2833,30.11,69,100,2.32,PA,1686765163
316,bozhou,33.8772,115.7703,26.22,41,0,2.77,CN,1686765225
317,saipan,15.1355,145.701,28.39,100,75,6.17,MP,1686764659
318,kingston,17.997,-76.7936,33.47,65,20,10.29,JM,1686764496
319,chibougamau,49.9168,-74.3659,20.79,49,75,2.57,CA,1686764490
320,dalbandin,28.8947,64.4101,33.96,16,0,6.0,PK,1686765225
321,nouadhibou,20.931,-17.0347,24.99,61,21,10.8,MR,1686764744
322,island harbour,50.724,-1.2758,26.04,69,14,1.32,GB,1686764711
323,wailua homesteads,22.0669,-159.378,25.48,91,100,7.2,US,1686764709
324,jolo,6.05,121.0167,25.25,89,100,1.1,PH,1686765226
325,gorontalo,0.5412,123.0595,24.1,95,99,0.71,ID,1686765226
326,bremen,53.0752,8.8078,23.89,33,0,3.6,DE,1686765035
327,ebon,4.582,168.6964,28.5,80,81,6.96,MH,1686765227
328,ad dawadimi,24.5077,44.3924,32.64,12,2,1.27,SA,1686765227
329,punta arenas,-53.15,-70.9167,6.06,75,20,8.23,CL,1686765227
330,saint-francois,46.4154,3.9054,27.69,24,0,3.6,FR,1686764564
331,merizo village,13.2658,144.6691,28.31,90,58,6.69,GU,1686765228
332,sur,22.5667,59.5289,31.64,61,100,5.57,OM,1686765228
333,mogocha,53.7333,119.7667,8.26,63,100,1.08,RU,1686764870
334,quang ngai,15.1167,108.8,25.73,86,100,2.33,VN,1686765229
335,yorkton,51.2167,-102.4677,18.91,63,0,6.69,CA,1686765229
336,peniche,39.3558,-9.3811,23.38,76,5,6.5,PT,1686765229
337,tolanaro,-25.0319,46.9987,23.04,78,0,6.17,MG,1686764791
338,kailua-kona,19.6406,-155.9956,26.24,81,75,1.54,US,1686764860
339,murzuq,25.9155,13.9184,36.63,10,10,4.49,LY,1686765230
340,pons,45.5799,-0.5478,26.97,47,0,6.17,FR,1686765231
341,novaya igirma,57.1334,103.9112,7.97,94,100,4.75,RU,1686765231
342,banfora,10.6333,-4.7667,28.09,68,67,1.45,BF,1686765231
343,usogorsk,63.4106,48.6872,11.69,56,31,2.15,RU,1686765232
344,santander jimenez,24.2167,-98.4667,41.96,16,9,5.66,MX,1686765232
345,mugia,43.1041,-9.2179,24.39,86,13,3.76,ES,1686764881
346,nuuk,64.1835,-51.7216,5.34,60,20,2.57,GL,1686764713
347,hithadhoo,-0.6,73.0833,27.92,78,92,3.22,MV,1686764718
348,rikaze,29.25,88.8833,9.51,75,100,2.18,CN,1686765233
349,delyatyn,48.5235,24.6247,14.79,95,32,1.41,UA,1686765233
350,qiancheng,27.185,109.7654,22.48,82,95,0.92,CN,1686765233
351,aldinga beach,-35.2793,138.4604,12.37,87,96,8.79,AU,1686765233
352,conceicao do araguaia,-8.2578,-49.2647,30.39,54,34,1.09,BR,1686765233
353,colonia,50.9333,6.95,25.51,32,0,3.6,DE,1686765233
354,newnham,-41.3833,147.1333,8.15,91,75,3.6,AU,1686765233
355,kudahuvadhoo,2.6708,72.8944,28.71,76,100,6.05,MV,1686765233
356,ulanhot,46.0833,122.0833,16.14,86,89,5.12,CN,1686765234
357,lodja,-3.4833,23.4333,22.84,84,90,0.27,CD,1686765234
358,solnechnyy,50.7214,136.6319,10.35,95,73,2.01,RU,1686765234
359,caluula,11.9661,50.7569,31.59,63,100,3.27,SO,1686765235
360,orlu,5.7946,7.035,23.62,92,63,2.41,NG,1686765235
361,carnarvon,-24.8667,113.6333,18.46,71,88,9.67,AU,1686764669
362,luorong,24.4058,109.6086,25.06,80,74,1.33,CN,1686765236
363,labytnangi,66.6572,66.4183,4.1,72,99,5.99,RU,1686764485
364,namtsy,62.7161,129.6658,4.9,96,18,2.86,RU,1686765236
365,talcahuano,-36.7167,-73.1167,14.82,51,0,3.09,CL,1686765236
366,benavente,42.0025,-5.6783,24.81,33,53,0.45,ES,1686765236
367,cherdyn',60.403,56.4787,13.5,75,67,2.14,RU,1686765236
368,avetrana,40.3529,17.7349,24.93,83,98,6.7,IT,1686765237
369,kharp,66.8014,65.8081,2.83,88,83,4.62,RU,1686765237
370,bodaybo,57.8506,114.1933,10.75,70,77,1.4,RU,1686764718
371,wanning,18.8003,110.3967,26.82,89,100,1.01,CN,1686765237
372,charters towers,-20.1,146.2667,17.04,85,90,2.01,AU,1686764810
373,vilyuchinsk,52.9306,158.4028,7.15,85,55,0.61,RU,1686764659
374,inari,68.906,27.0288,20.11,45,21,4.48,FI,1686765238
375,luancheng,37.8792,114.6517,21.09,25,0,2.05,CN,1686765238
376,prado,-17.3411,-39.2208,25.72,69,10,2.87,BR,1686765238
377,betio village,1.358,172.9211,28.54,78,49,5.96,KI,1686764859
378,zelenoborskiy,66.845,32.3622,14.97,55,25,0.85,RU,1686765238
379,santangpu,27.3987,111.9928,21.78,80,71,1.08,CN,1686765238
380,jianguang,28.1938,115.7836,22.09,86,38,0.36,CN,1686765238
381,roschinskiy,53.2669,40.0039,16.37,76,100,4.88,RU,1686765239
382,gorgan,36.8387,54.4348,25.98,74,40,4.12,IR,1686765239
383,pacanga,-7.1667,-79.5,26.63,55,18,6.8,PE,1686765239
384,qamdo,31.1667,97.2333,2.22,94,100,1.31,CN,1686765239
385,telfs,47.3,11.0667,22.71,57,44,2.19,AT,1686765240
386,kristiansund,63.1115,7.732,19.03,59,0,4.12,NO,1686764834
387,camacupa,-12.0167,17.4833,18.97,33,75,2.44,AO,1686764852
388,fortaleza,-3.7227,-38.5247,31.07,55,0,6.69,BR,1686764853
389,trincomalee,8.5711,81.2335,28.23,73,100,5.67,LK,1686765241
390,gampola,7.1643,80.5696,23.23,84,100,1.2,LK,1686765241
391,al qitena,14.8648,32.3668,31.77,46,81,6.5,SD,1686765241
392,manzini,-26.25,31.5,25.62,25,0,2.69,SZ,1686765242
393,praia da vitoria,38.7333,-27.0667,24.14,69,40,6.51,PT,1686764474
394,sao vicente,-23.9631,-46.3919,21.26,56,100,0.89,BR,1686765242
395,santa elena de uairen,4.6167,-61.1333,25.79,67,66,4.58,VE,1686764810
396,zhangjiakou shi xuanhua qu,40.6103,115.0447,23.71,34,13,1.06,CN,1686765243
397,sungai penuh,-2.0833,101.3833,17.77,98,93,0.99,ID,1686765243
398,santarem,-2.4431,-54.7083,30.07,79,40,4.63,BR,1686765243
399,vodnyy,63.5046,53.4095,9.32,61,60,2.28,RU,1686765244
400,virginia beach,36.8529,-75.978,30.02,38,0,8.75,US,1686764873
401,oruro,-17.9833,-67.15,13.27,24,0,6.17,BO,1686765244
402,warman,52.3168,-106.5679,26.95,39,40,9.26,CA,1686765051
403,poronaysk,49.2167,143.1167,9.32,99,100,4.69,RU,1686765244
404,antofagasta,-23.65,-70.4,16.6,62,1,4.01,CL,1686765082
405,myshkin,57.7897,38.4545,15.39,59,8,0.5,RU,1686765245
406,okhotsk,59.3833,143.3,7.3,97,100,3.9,RU,1686764826
407,uturoa,-16.7333,-151.4333,27.52,79,44,7.78,PF,1686764661
408,kuala tungkal,-0.8167,103.4667,25.12,91,98,2.43,ID,1686765245
409,taroa,8.7058,171.2275,27.92,81,99,10.35,MH,1686765246
410,murun-kuren,49.6342,100.1625,11.92,66,34,3.57,MN,1686765246
411,queenstown,-31.8976,26.8753,11.27,65,77,13.08,ZA,1686764668
412,sinabang,2.4803,96.3801,26.99,76,48,2.78,ID,1686765246
413,grahamstown,-33.3042,26.5328,9.42,77,100,3.24,ZA,1686765246
414,nelson bay,-32.7167,152.15,11.11,78,0,4.47,AU,1686764989
415,nsanje,-16.92,35.262,23.04,42,1,1.46,MW,1686765164
416,aasiaat,68.7098,-52.8699,0.4,76,52,3.25,GL,1686764660
417,flying fish cove,-10.4217,105.6791,25.82,83,85,6.17,CX,1686764774
418,upington,-28.4478,21.2561,14.21,38,0,3.6,ZA,1686765247
419,al bawiti,28.3492,28.8659,28.8,30,0,4.03,EG,1686765248
420,ufa,54.775,56.0375,20.65,95,100,1.66,RU,1686765248
421,mel'nikovo,56.5558,84.085,11.83,53,63,3.44,RU,1686765249
422,conception bay south,47.4999,-52.9981,15.58,77,18,1.46,CA,1686764836
423,humberto de campos,-2.5983,-43.4611,29.59,66,35,2.18,BR,1686765249
424,dhidhdhoo,6.8833,73.1,28.9,79,94,6.37,MV,1686765030
425,shevchenko,48.5,35.0,18.61,81,75,2.74,UA,1686764991
426,agadez,19.75,10.25,37.21,12,1,4.15,NE,1686765250
427,raposa,-6.5167,-44.1833,33.96,28,0,2.92,BR,1686765250
428,mongomo,1.6274,11.3135,21.45,95,71,1.3,GQ,1686765250
429,sitka,57.0531,-135.33,9.94,71,75,0.0,US,1686764667
430,sydney,-33.8679,151.2073,9.59,69,0,4.12,AU,1686764953
431,rodolfo sanchez taboada,31.7167,-116.5667,18.39,74,33,0.89,MX,1686765254
432,thinadhoo,0.5333,72.9333,28.58,77,88,5.33,MV,1686765254
433,sao felix do xingu,-6.6447,-51.995,32.57,44,22,2.41,BR,1686765255
434,nizao,18.25,-70.2,31.93,60,92,5.53,DO,1686765255
435,mehran,33.1222,46.1646,34.06,17,0,4.78,IR,1686765255
436,mejit,10.2753,170.8646,27.82,80,89,10.03,MH,1686765255
437,san agustin acasaguastlan,14.95,-89.9667,31.17,43,22,2.09,GT,1686765255
438,chanute,37.6792,-95.4572,24.12,68,0,3.6,US,1686765086
439,taoudenni,22.6783,-3.9836,42.15,8,0,5.13,ML,1686765256
440,i-n-salah,27.1935,2.4607,40.76,7,0,7.42,DZ,1686765256
441,alice springs,-23.7,133.8833,2.75,70,0,2.06,AU,1686764711
442,cabedelo,-6.9811,-34.8339,26.37,81,13,4.99,BR,1686765256
443,belabo,4.9333,13.3,22.27,91,76,1.06,CM,1686765256
444,remire-montjoly,4.9167,-52.2667,26.02,94,75,6.17,GF,1686764778
445,barguzin,53.6167,109.6167,11.95,61,28,1.25,RU,1686765257
446,darwin,-12.4611,130.8418,21.99,94,81,2.06,AU,1686764725
447,vila franca do campo,37.7167,-25.4333,21.23,78,90,4.43,PT,1686765257
448,buurhakaba,2.8026,44.0781,24.6,69,84,7.18,SO,1686765257
449,zima,53.9202,102.0442,6.33,91,100,6.61,RU,1686765258
450,geraldton,-28.7667,114.6,13.23,94,40,3.6,AU,1686764422
451,boa vista,2.8197,-60.6733,30.99,55,40,5.14,BR,1686764980
452,leticia,-4.2153,-69.9406,22.03,83,100,4.12,CO,1686765259
453,ebaye,8.7748,167.7392,28.01,78,40,6.69,MH,1686765259
454,zhangye,38.9342,100.4517,22.28,33,16,3.46,CN,1686765259
455,kunhegyes,47.3667,20.6333,22.99,56,35,1.61,HU,1686765260
456,ocean shores,46.9737,-124.1563,14.97,77,75,6.69,US,1686765260
457,burang,30.25,81.1667,5.99,85,85,2.39,CN,1686765260
458,mamfe,5.754,9.3123,24.07,94,65,0.86,CM,1686765260
459,senanga,-16.1167,23.2667,18.01,24,0,2.04,ZM,1686765260
460,tabou,4.423,-7.3528,26.17,67,43,3.23,CI,1686765260
461,nogliki,51.8333,143.1667,5.18,99,100,4.12,RU,1686765261
462,kenai,60.5544,-151.2583,11.05,62,100,3.09,US,1686764774
463,lazaro cardenas,17.9583,-102.2,31.88,52,69,4.17,MX,1686764732
464,sinop,41.7711,34.8709,14.15,95,63,0.6,TR,1686765261
465,puro,12.4841,123.3827,27.25,81,100,1.61,PH,1686765261
466,langueux,48.495,-2.7185,21.39,68,0,3.09,FR,1686765261
467,beberibe,-4.1797,-38.1306,28.36,67,21,4.68,BR,1686765261
468,chipinge,-20.1883,32.6236,15.23,24,0,0.91,ZW,1686765262
469,kalat,29.0225,66.5916,21.93,58,24,2.56,PK,1686765262
470,biloela,-24.4167,150.5,11.43,52,0,3.37,AU,1686765262
471,fougamou,-1.2154,10.5838,25.47,82,95,1.17,GA,1686765262
472,tbeng meanchey,13.8167,104.9667,25.35,87,100,1.13,KH,1686765262
473,burayevo,55.8407,55.4083,12.95,91,70,3.06,RU,1686765263
474,santos dumont,-21.4567,-43.5525,23.67,57,16,2.6,BR,1686765263
475,sogndal,61.2283,7.1003,27.21,35,20,2.06,NO,1686765263
476,mezhdurechenskiy,59.6,65.9333,16.06,62,57,3.79,RU,1686765263
477,misawa,40.6836,141.3597,18.11,99,100,1.3,JP,1686765265
478,tonkino,57.3726,46.4629,14.75,65,3,1.43,RU,1686765265
479,malango,-2.9627,119.9001,19.03,98,95,0.76,ID,1686764860
480,pitea,65.3172,21.4794,17.05,47,59,2.63,SE,1686765265
481,cannonvale,-20.2833,148.7,20.66,81,84,1.71,AU,1686765266
482,minas,-34.3759,-55.2377,12.88,37,2,1.65,UY,1686765266
483,constitucion,-35.3333,-72.4167,15.45,42,55,3.82,CL,1686765266
484,daru,-9.0763,143.2092,25.15,88,96,6.42,PG,1686764752
485,haiku-pauwela,20.9219,-156.3051,24.47,77,20,2.06,US,1686764711
486,cahors,44.4167,1.3333,22.6,51,5,4.68,FR,1686765266
487,nikolayevsk-on-amure,53.1406,140.73,9.79,99,96,1.92,RU,1686765267
488,ndjole,-0.1783,10.7649,26.31,80,90,1.01,GA,1686765267
489,nadi,-17.8,177.4167,22.0,94,75,0.0,FJ,1686764772
490,lubango,-14.9172,13.4925,18.92,42,4,2.06,AO,1686765267
491,port macquarie,-31.4333,152.9167,3.83,71,0,2.25,AU,1686765268
492,barra de santo antonio,-9.4047,-35.5072,25.6,83,37,5.04,BR,1686765268
493,visegrad,43.7847,19.2992,16.64,97,100,1.28,BA,1686765268
494,wynyard,-41.0,145.7167,8.32,91,99,3.76,AU,1686765268
495,saint croix,17.7397,-64.7388,31.25,62,40,6.69,VI,1686765268
496,mount pearl,47.5166,-52.7813,15.25,77,75,3.6,CA,1686765269
497,bikin,46.8161,134.26,16.65,99,98,1.15,RU,1686765269
498,san antonio oeste,-40.7319,-64.9477,18.79,20,52,2.76,AR,1686765269
499,kourou,5.1552,-52.6478,26.03,75,86,3.5,GF,1686765269
500,kismayo,-0.3582,42.5454,25.6,79,88,5.75,SO,1686765270
501,gornyy,55.1153,83.9059,7.57,73,15,3.08,RU,1686765270
502,kas,36.2018,29.6377,23.6,74,6,3.51,TR,1686765270
503,santa luzia,-19.7697,-43.8514,26.5,52,75,5.14,BR,1686765270
504,hasaki,35.7333,140.8333,21.79,95,100,6.18,JP,1686765271
505,inga,-7.2808,-35.6044,26.25,86,69,5.08,BR,1686765271
506,yamba,-5.9,22.3,22.62,81,91,0.36,CD,1686765271
507,carnot,4.9409,15.8665,23.04,92,94,0.3,CF,1686765271
508,quellon,-43.1167,-73.6167,10.14,93,100,2.06,CL,1686765272
509,bintulu,3.1667,113.0333,25.23,100,20,2.57,MY,1686765272
510,fallon,39.4735,-118.7774,24.95,52,0,0.0,US,1686765272
511,zmiyevka,52.6697,36.3739,15.57,90,100,4.77,RU,1686765272
512,copainala,17.0833,-93.2,36.94,31,1,2.09,MX,1686765273
513,astrakhan,46.3497,48.0408,25.93,69,0,1.0,RU,1686765273
514,happy valley-goose bay,53.3168,-60.3315,26.17,27,75,7.72,CA,1686765273
515,donggang,28.9365,114.2259,20.93,90,88,0.96,CN,1686765273
516,isla vista,34.4133,-119.861,17.94,76,100,2.57,US,1686765106
517,pitimbu,-7.4706,-34.8086,26.33,84,10,6.23,BR,1686765273
518,twon-brass,4.3151,6.2418,27.02,79,69,6.76,NG,1686765274
519,kita,13.0349,-9.4895,33.83,40,70,1.61,ML,1686765274
520,porto velho,-8.7619,-63.9039,16.03,67,100,3.6,BR,1686764978
521,hastings,50.8552,0.5729,23.86,67,0,4.61,GB,1686764792
522,punta alta,-38.8759,-62.0736,16.15,28,99,8.65,AR,1686765274
523,kapuskasing,49.4169,-82.4331,11.05,87,100,4.12,CA,1686764498
524,dryden,49.7833,-92.7503,10.16,76,100,4.63,CA,1686765200
525,novodvinsk,64.4165,40.8122,13.13,57,7,1.11,RU,1686764728
526,grove,51.6095,-1.4219,27.04,34,0,4.63,GB,1686765275
527,bonthe,7.5264,-12.505,28.09,70,77,4.53,SL,1686765275
528,santa cruz,-17.8,-63.1667,17.03,36,75,8.23,BO,1686764730
529,sultanah,24.4926,39.5857,40.25,6,20,1.54,SA,1686765276
530,rongelap,11.1635,166.8941,27.65,79,61,9.52,MH,1686764697
531,nurota,40.5614,65.6886,28.66,16,0,2.48,UZ,1686765276
532,new kingston,18.0075,-76.7832,34.38,63,20,10.29,JM,1686765276
533,ongjin,37.9347,125.3619,17.13,81,21,1.6,KP,1686765276
534,brookings,44.3114,-96.7984,28.36,38,0,0.0,US,1686764710
535,azadshahr,34.7909,48.5707,19.27,30,0,2.06,IR,1686765277
536,tucurui,-3.7661,-49.6725,30.42,64,29,0.99,BR,1686765277
537,aracuai,-16.8497,-42.0703,32.12,27,0,1.97,BR,1686765277
538,guerrero negro,27.9769,-114.0611,19.96,64,77,9.34,MX,1686764776
539,pucheng,27.9233,118.5333,19.36,96,38,0.41,CN,1686765278
540,broome,42.2506,-75.833,17.23,92,100,3.13,US,1686765278
541,nadym,65.5333,72.5167,4.55,89,100,5.55,RU,1686764469
542,berezovo,63.9381,65.0419,8.19,61,99,5.46,RU,1686765278
543,qa'en,33.7265,59.1844,26.48,15,0,5.38,IR,1686765278
544,balqash,46.8481,74.995,20.05,30,39,11.45,KZ,1686765278
545,south hedland,-20.4089,118.5983,14.96,67,9,1.54,AU,1686764699
546,laguna,38.421,-121.4238,27.79,60,0,3.09,US,1686764762
547,bikenibeu village,1.3673,173.1241,28.98,79,20,3.09,KI,1686765279
548,fada,9.5667,8.3,22.48,87,75,1.82,NG,1686765279
549,agogo,6.8,-1.0819,25.15,71,98,1.37,GH,1686765279
550,sidi bouzid,35.0382,9.4849,21.73,66,70,5.88,TN,1686765279
551,puerto baquerizo moreno,-0.9,-89.6,27.55,69,40,8.23,EC,1686764815
552,vail,32.0479,-110.712,32.46,11,0,1.34,US,1686765060
553,waddan,29.1614,16.139,38.31,10,7,5.98,LY,1686765282
554,vanino,49.0869,140.2543,10.36,99,96,1.9,RU,1686765282
555,la sarre,48.8002,-79.1996,19.46,53,82,2.73,CA,1686765282
556,mbuji-mayi,-6.15,23.6,24.59,71,90,1.79,CD,1686765282
557,letlhakane,-21.4167,25.5833,14.23,23,0,2.77,BW,1686765298
558,la palma,33.8464,-118.0467,19.61,81,100,2.57,US,1686765301
559,buraydah,26.326,43.975,38.25,12,12,3.51,SA,1686765176
560,guatrache,-37.6678,-63.5302,16.35,16,62,7.71,AR,1686764718
561,leava,-14.3,-178.1667,27.13,82,58,9.22,WF,1686765301
562,eldorado at santa fe,35.5264,-105.9347,24.66,26,0,6.17,US,1686765301
563,acarau,-2.8856,-40.12,27.78,71,0,9.03,BR,1686764736
564,celestun,20.8667,-90.4,34.19,54,0,3.24,MX,1686765302
565,hadibu,12.65,54.0333,28.05,78,100,7.98,YE,1686765303
566,raja,8.4596,25.678,23.27,90,100,2.92,SS,1686764872
567,mirante do paranapanema,-22.2919,-51.9064,11.85,96,100,2.98,BR,1686765310
568,kokoda,-8.8785,147.7407,23.13,94,100,1.05,PG,1686765311
569,sosnovo-ozerskoye,52.5249,111.5418,7.46,89,15,1.78,RU,1686765311
570,al hufuf,25.3646,49.5653,37.19,12,13,2.57,SA,1686765311
571,tacuarembo,-31.7333,-55.9833,13.99,50,0,3.56,UY,1686765312
572,east london,-33.0153,27.9116,13.52,82,0,3.6,ZA,1686765312
573,minas de marcona,-15.2119,-75.1103,17.56,60,45,6.93,PE,1686764840
574,weno,7.4515,151.8468,28.97,79,100,3.09,FM,1686764740
575,severo-yeniseyskiy,60.3725,93.0408,3.51,73,59,3.09,RU,1686764790
576,zouerate,22.7187,-12.4521,36.15,14,0,4.69,MR,1686764732
577,marsabit,2.3284,37.9899,23.43,44,56,6.46,KE,1686765320
578,mahina,-17.5065,-149.489,26.87,65,75,3.09,PF,1686765327
579,broken hill,-31.95,141.4333,7.99,71,5,1.9,AU,1686764758
580,papar,5.7333,115.9333,25.0,92,95,1.31,MY,1686765328
581,prince rupert,54.3161,-130.3201,13.05,70,20,7.2,CA,1686765309
582,puerto madryn,-42.7692,-65.0385,18.25,31,9,5.57,AR,1686765196
583,landshut,48.5333,12.15,21.77,68,72,3.07,DE,1686765310
584,opuwo,-18.0607,13.84,19.24,22,0,2.73,NA,1686765329
585,fisterra,42.9049,-9.2629,24.3,81,20,5.63,ES,1686765329
586,taro,-8.3862,115.28,22.0,89,89,0.7,ID,1686765330
587,sinuiju,40.1006,124.3981,16.34,83,2,1.14,KP,1686765330
588,aydarken,39.9443,71.3429,18.04,43,98,3.07,KG,1686765331
589,pico truncado,-46.7949,-67.9573,9.89,56,70,6.73,AR,1686765331
